[
  { "value": "General Contractor", "data": { "category": "Contractor" }},
  { "value": "Landscaping Contractor", "data": { "category": "Contractor" }},
  { "value": "Swimming Pool Contractor", "data": { "category": "Contractor" }},
  { "value": "Roofing Contractor", "data": { "category": "Contractor" }},
  { "value": "Plumbing Contractor", "data": { "category": "Contractor" }},
  { "value": "Fencing Contractor", "data": { "category": "Contractor" }},
  { "value": "HVAC Contractor", "data": { "category": "Contractor" }},
  { "value": "Designer", "data": { "category": "Designer"}},
  { "value": "Doors, Gates and Activating Devices", "data": { "category": "Contractor"}},
  { "value": "Carpentry Contractor", "data": { "category": "Contractor"}},
  { "value": "Concrete Contractor", "data": { "category": "Contractor"}},
  { "value": "Drywall Contractor", "data": { "category": "Contractor"}},
  { "value": "Electrical Contractor", "data": { "category": "Contractor"}},
  { "value": "Painting And Decorating Contractor", "data": { "category": "Contractor"}},
  { "value": "Doors, Gates and Activating Devices", "data": { "category": "Contractor"}},
  { "value": "Sheet Metal Contractor", "data": { "category": "Contractor"}}
]